,DO_sur,DO_bot
MAE,22.41874995319235,42.983547836739874
RMSE,28.574491041965274,57.28956647425378
R2,0.7307966732878702,0.8162904590648674
