,DO_sur,DO_bot,PO4,TotP
MAE,0.8868379208535859,1.4360387002007433,0.02224166758448789,0.019335805160529688
RMSE,1.2048648969708133,2.0067688042005045,0.027283338971203608,0.023441884573730826
R2,0.6963774006326202,0.6251475830061766,0.3623218780671167,0.47241017817116704
