NO3,SRP,TotP,NH4,Chl
0.09916487370561604,59.516663728632786,72.38809513700181,0.07659926334222647,17.74636714397997
0.14705761224783023,95.24975670839798,105.27481234661307,0.1271091884979872,23.67774266473546
0.2401972006804336,0.2718559344338345,0.3050021741369068,-0.4654253862747444,-0.06312482024304056
