NO3,SRP,TotP,NH4,Si,Chl
0.09940973320089089,53.544696379752054,69.54500046611702,0.058784036216645574,2.3837294818723898,19.299319138277824
0.14873325109261565,95.54626870036681,109.08927040884971,0.10309323801364652,2.822562992831846,27.13908707005693
0.12511903367098842,0.2103864516275823,0.21414205916857032,0.008166225678597927,-0.41711337699252193,-0.3215790549798696
