,DO_sur,DO_bot,SRP,TotP
MAE,1.0967946119259255,1.1790180935026846,29.04601729344832,32.5506637912907
RMSE,1.505717708482357,1.5637604396876197,48.954435758168216,52.10535595948119
R2,0.2167774339794486,0.7227899091105032,0.5836242410477175,0.6636240971634966
