,O2,PO4,TOTP
MAE,1.4436708164215089,5.043349186579387,8.990024778578016
RMSE,1.7757211642615385,6.126585592363878,11.663644677104896
R2,-0.3263929500315861,-0.46876286602193895,-0.27380502179212307
