DO_sur,DO_bot,NO3,NH4,SRP,TotP
1.0936655078702833,0.9889208089422297,0.09541322588937842,0.07052965215407313,28.11610291622303,35.027474387928294
1.3808299235053922,1.2642975537148433,0.1495245457801684,0.10968259584480569,46.665244307865315,55.145232206972004
0.3147637202549889,0.7711103646725208,0.3044841796851072,-2.5607621534870977,0.6663186014243323,0.6510240486810523
