NOX,DO_sur,DO_bot,PO4,TotP,TotN,NH4,Chl
0.04480662755539224,0.90836206407258,1.438478359125428,0.020773524168709465,0.01883619564004017,0.11922069123297026,0.012383734956524813,7.863351233944748
0.07048465616082372,1.2754073483593427,1.9922406541467863,0.025049177630336494,0.024098052690110294,0.14978873601186382,0.01953956102705277,11.66676976655072
0.6821140593536127,0.6597836190350347,0.6305554796311541,0.4624814897380256,0.4424609875212324,-0.21534033212914871,-0.44667320631613094,0.06515652616275858
