	GBR	LSTM
Training RMSE	5.292633019220612	4.963480113101296
Training MAE	3.795668623474144	2.9452886570010497
Training R2	0.06222720958161534	0.16457155773490958
Testing RMSE	6.071735674930272	6.56725450484862
Testing MAE	4.1105952642985155	4.097569996867934
Testing R2	0.09918332773129623	-0.05444429395032424
