,TotN,TotP
MAE,0.15576214026042395,1.5660397120884486
RMSE,0.20179157511246315,2.564812603498757
R2,-13.899946871811874,0.054847170823840274
