	GBR	LSTM
Training RMSE	4.149375632372671	3.7450230077743045
Training MAE	2.8586329967509476	2.232603568777089
Training R2	0.3425643090890903	0.47561928589297037
Testing RMSE	4.44	4.104872527509006
Testing MAE	2.78	2.597895579723517
Testing R2	0.48	0.5680484203015415
