N_Nit,O2,PO4,N_Amm,CAR_dic,Si,Chl
9.84293313743332,37.14876827116935,0.8992153353965865,2.1485746852844243,406.6745106686829,31.400616580165472,8.480054677205702
13.582083585236784,49.9630864502553,1.1513994393925648,2.627724509298902,532.4157931216987,51.98832033955269,12.293516205473033
0.6384260905672157,0.4696887874216359,-2.132803351977939,0.682052982297604,0.05715316908645551,-2.202451301104921,-1.1604028170882632
