DO_sur,DO_bot
1.485762010201118,1.4525447268609348
1.7962544517423498,1.7659289333772568
0.2287950491135642,0.0689542155256766
