	GBR	LSTM
Training RMSE	4.514463253456695	3.8585318924028584
Training MAE	3.1240024362409997	2.253458793055535
Training R2	0.313777041614121	0.5072749262112873
Testing RMSE	6.112700280460788	6.747695286855763
Testing MAE	3.9998760943711194	4.217719795982163
Testing R2	0.08698711731498654	-0.11318378517695393
