TPR,FPR,Accuracy,Precision,prevalence,F1,Kappa
0.6124031007751938,0.23771001866832608,0.7511520737327189,0.17136659436008678,0.07430875576036866,0.2677966101694915,0.6619733545837995
