	GBR	LSTM
Training RMSE	15.725172251647743	13.884540674788207
Training MAE	12.853482237386055	7.827428644266902
Training R2	-2.4234793983403193	0.16829482381886168
Testing RMSE	10.127880761131589	11.260163415843243
Testing MAE	7.899744416893814	8.209866324394989
Testing R2	-0.0891553199241204	-0.3565409259065071
