NOX,DO_sur,DO_bot,PO4,TotP,NH4,TotN,Chl
0.06311474418860268,1.1203853034973146,1.8256571332529437,0.05212067573743336,0.03480560774604479,0.013160635412967001,0.1475265802397873,7.872275575182654
0.09680174858374826,1.4922859669143134,2.4098548307341736,0.06392354534404944,0.050895255616654,0.021087918360576084,0.17520693174668037,12.11836644421581
0.40041804471569376,0.5342407371582959,0.45943565570934397,-2.500484728981358,-1.4869437478941725,-0.6850323994724203,-0.6628082365364101,-0.008615893235117689
