TPR,FPR,Accuracy,Precision,prevalence,F1,Kappa
0.4810810810810811,0.17857142857142858,0.7860752386299832,0.23796791443850268,0.10387422796181921,0.3184257602862254,0.7113099733118683
