TPR,FPR,Accuracy,Precision,prevalence,F1,Kappa
0.4474885844748858,0.3038194444444444,0.6564551422319475,0.21875,0.15973741794310722,0.2938530734632684,0.468021969783721
