	GBR	LSTM
Training RMSE	14.273251239607276	14.860687838613066
Training MAE	11.287707236450219	8.460346223316607
Training R2	-1.302864380860935	0.05297568532303578
Testing RMSE	10.363787808985228	9.868970016795025
Testing MAE	8.074565546470202	6.581261391175138
Testing R2	-0.14048527649141218	-0.042046676983700904
