TPR,FPR,Accuracy,Precision,prevalence,F1,Kappa
0.31756756756756754,0.0630114566284779,0.8700729927007299,0.3790322580645161,0.10802919708029197,0.34558823529411764,0.8418075431062445
