NO3,SRP,TotP,NH4,Si,Chl
0.12061894236746726,40.93026492868368,61.32671155547112,0.04910775208982436,1.6604699666143974,10.657520432066692
0.17737684347667995,70.86322196034915,88.94478083106208,0.06852606573896314,2.1473983433052024,13.397995983801056
0.36960832775545627,0.08631332886178134,-0.017802738217584713,-0.46391479279066106,0.09151650199646488,-0.8247614204163916
