	GBR	LSTM
Training RMSE	18.33011305214637	16.148469658279843
Training MAE	13.663415602011625	11.612774315642017
Training R2	-0.0476545778558797	0.4137336181553584
Testing RMSE	11.655083000985274	12.292179860377484
Testing MAE	7.5030440456121	8.956135348297124
Testing R2	-0.5905731436302237	-0.770994650831567
