,O2,PO4-P,Tot-P
MAE,0.9683633442582754,5.868226340838841,7.873962054933821
RMSE,1.2202991247881836,7.212451786210923,10.469938769839558
R2,0.40285272186955634,0.6785454734144207,0.51863348517893
