	GBR	LSTM
Training RMSE	5.274332295440377	4.34325344886278
Training MAE	3.7354203775938997	2.5814165730210683
Training R2	0.07232833076116352	0.3762394894261938
Testing RMSE	6.040502398685997	6.479111936729914
Testing MAE	4.1433744306343145	4.139980123987708
Testing R2	0.10842717247663125	-0.026329738589037976
