TPR,FPR,Accuracy,Precision,prevalence,F1,Kappa
0.17701863354037267,0.1534795042897998,0.6892778993435449,0.26146788990825687,0.2348650619985412,0.2111111111111111,0.547429735089023
