,PO4-P,Tot-P
MAE,6.752358747251106,17.30007148511482
RMSE,7.9063130088230125,23.447502210334115
R2,-0.3153276787074961,-0.5671344086467394
