NOX,DO_sur,DO_bot,PO4,TotP,NH4,Si,Chl
1.520145901519129,24.688208592655908,43.00180541312047,0.17543154306493,0.2209589332593241,0.5529254114345478,22.08067427785277,3.7355632366647242
2.944109398681486,37.108131136974734,58.91908312581342,0.24417031419712387,0.28593762247039356,0.6745357261530391,25.674915191900656,6.230051427154814
0.3008115095964087,0.7409225934163635,0.8500933108259772,0.6290948541497295,0.49455353847769545,0.11526502275394335,-1.1796498850421377,0.051594715816727255
