	GBR	LSTM
Training RMSE	5.247664091896304	3.782549108119567
Training MAE	3.7125391957243883	2.27338819219841
Training R2	0.0810787981049208	0.5249318134911829
Testing RMSE	6.079394768872379	6.662186141198425
Testing MAE	4.151776727405612	4.0162770188607535
Testing R2	0.09690925274483364	-0.08514924404971147
