NO3,SRP,TotP,NH4,Chl
0.12621650821673785,32.0829558438725,85.96803930070665,0.04214436254609608,15.757543148762648
0.18955905481641924,42.20574753976109,105.55778158847949,0.07342728602275853,19.031560584087355
0.47999225003651924,-0.6565490400630323,-8.182338747818493,-0.09708913279555298,-1.448248689566129
