	GBR	LSTM
Training RMSE	5.234148859299551	4.391938987308281
Training MAE	3.679614769391442	2.648186322664249
Training R2	0.08597467116208721	0.3461023668905488
Testing RMSE	6.002254588360052	6.774685070752252
Testing MAE	4.095378839268824	3.9733171366479088
Testing R2	0.1196821129268345	-0.12210673604495681
