	GBR	LSTM
Training RMSE	19.260706832326616	15.661148246428322
Training MAE	14.415738830434165	11.10379312460437
Training R2	-0.8704654809360186	0.47745460894634767
Testing RMSE	15.730261387176188	14.616924611967233
Testing MAE	10.085608577246905	10.177159906504285
Testing R2	-1.6400385239398267	-1.272792374499418
