NO3,SRP,TotP,NH4,Si,Chl
0.12119995863034125,39.33366092529099,60.05284938564548,0.04721356136818207,1.8589621948562896,12.075698964073466
0.1875585860012973,62.658036772447126,87.06201784071004,0.07090313097440111,2.396727612649952,16.468192935297978
0.2555052632882403,0.2921091166903176,0.030770733485086743,-0.5439426688938631,-0.11440704090424059,-1.7568827541093772
