	GBR	LSTM
Training RMSE	4.482065009691889	5.257800742266451
Training MAE	3.0667712178402793	3.0342624175109
Training R2	0.3209116709474385	0.06342532770352907
Testing RMSE	6.086066748298865	6.743250634829226
Testing MAE	3.8759825240764143	3.998114506729828
Testing R2	0.09492592727330273	-0.10953886423983938
