NOX,DO_sur,DO_bot,PO4,TotP,NH4,TotN,Chl
0.062170691440258025,1.082605817019826,1.7646226063322417,0.053399141467486144,0.051265701109000854,0.010784101128944554,0.1418369870392656,11.550968688253286
0.0763125990556622,1.4407089843033325,2.155985075689589,0.06166157276194745,0.06556895581916182,0.01647009510777516,0.16424590195031627,18.457643291508074
0.628797175436367,0.564270129526012,0.5673296513636732,-2.2532174360010626,-3.1370138390983753,-0.03003029984802219,-0.4719199064606774,-1.3432452101029955
