	GBR	LSTM
Training RMSE	16.90381144799086	15.284199218793654
Training MAE	12.609380323372953	11.001592290529228
Training R2	0.031957150111507834	0.4763498469718693
Testing RMSE	13.493170777126533	11.484642289132074
Testing MAE	8.456919079960889	8.119984843315823
Testing R2	-1.1318219916938719	-0.5459462229207075
