NO3,SRP,TotP,NH4,Si,Chl
0.12563711159643828,40.71838332898044,63.65412060655033,0.04230961340495356,1.6253377606834694,6.452923702028686
0.1896332550018555,69.44498118968946,94.1689889014207,0.061797544265509444,2.1389057223181704,9.261717752837257
0.2794806934202443,0.12251999430785954,-0.14087612320828669,-0.19054725157946995,0.09868810985389043,0.08917332380487153
