N_Nit,O2,PO4,N_Amm,CAR_dic,Si,Chl
12.627037995817783,34.46942084256861,1.0505223391737306,2.645246961222029,362.4627230259224,32.484953176000246,7.7220505454076775
17.479624264802172,46.48628095763506,1.2570974012587892,3.769644709566695,461.73057323516696,37.753623860537076,11.003293750128128
0.42934927397177325,0.5525172525009208,-2.778899305006547,0.3388450880723999,0.2796519370012496,-0.6825006077615583,-0.54972608457568
