	GBR	LSTM
Training RMSE	14.19238972014676	14.976868675924754
Training MAE	11.24148446016235	8.479998174346765
Training R2	-1.2691529638169137	0.037033717103476936
Testing RMSE	10.189448959466707	10.028052118139904
Testing MAE	7.9805485117146615	6.675361806683783
Testing R2	-0.10243769474339448	-0.07591182015791076
