	GBR	LSTM
Training RMSE	3.9833716104788635	3.40007227506946
Training MAE	2.613970380360084	2.1836555984095063
Training R2	0.31362908466109696	0.547912441810468
Testing RMSE	4.439718258981004	4.64134518635225
Testing MAE	2.7802083017073334	2.848645373398324
Testing R2	0.4845193492895148	0.44149221315658493
