NO3,SRP,TotP,NH4,Si,Chl
0.12389373891980107,41.271212385846425,60.45396462973062,0.04284413017592457,1.9824281281496572,7.685444974387578
0.20204552830423214,63.922957412675174,86.27391474571446,0.060280442596423255,2.5512818358531835,10.576381555306284
0.13605475644574105,0.26323926623495353,0.04823863347346036,-0.11597176731286729,-0.26276740329076587,-0.18789022181235548
