NO3,SRP,TotP,NH4,Chl
0.10526056202312917,57.28578626589761,60.75173018121301,0.058125566317150414,16.554608633093803
0.14722311684504907,93.15096743177773,91.68853380028433,0.09868213180660801,22.698194604508423
0.23593687579183353,0.30202810942985503,0.47079466487167154,0.11385185707495393,0.016009122142045418
