	GBR	LSTM
Training RMSE	15.947854444761512	13.92376346218588
Training MAE	12.976339467726362	7.838343203808483
Training R2	-2.6101174797469873	0.1630466361662976
Testing RMSE	10.388920631298769	10.62815758230831
Testing MAE	8.035259809219689	7.4546350919162885
Testing R2	-0.14602347735902277	-0.20853570005233002
