	GBR	LSTM
Training RMSE	14.24950180545456	15.079128673957815
Training MAE	11.26532794569636	8.514994831454922
Training R2	-1.2723408378121686	0.023169924601600854
Testing RMSE	10.181123869452477	9.868953312235188
Testing MAE	7.930486719146285	6.196895868638677
Testing R2	-0.1006369803433722	-0.042043149378225175
