NO3,SRP,TotP,NH4,Si,Chl
0.12018535497387613,37.21831885444654,81.3509506126503,0.039106523702426475,1.7489277977648037,7.082090789579155
0.19301140331997413,63.407295902385684,123.69738704887973,0.056574065127963834,2.2981699202853125,10.470092119300965
0.21158719617026944,0.2750781040775272,-0.9565462292931184,0.017041652720115152,-0.024638713566662584,-0.16413431952476643
