,O2,PO4,TOTP
MAE,0.9824625487405746,2.4678464241325857,5.673656925078361
RMSE,1.1836430421462039,2.905568277173316,7.0535485680613315
R2,-0.10967124381287241,-0.2600529403023919,-1.387118741506649
