NOX,DO_sur,DO_bot,PO4,TotP,TotN,NH4,Chl
0.05603703598416063,1.057148699459482,1.605645782119157,0.028824491653947897,0.017242428889406643,0.1186993169037284,0.010962601599577374,7.9750835510140945
0.07020260246044055,1.4324242740244368,2.088063996190935,0.035420659691602706,0.02201687690391936,0.14127543079538904,0.01673064795289754,11.744235347765146
0.6858585773154611,0.5692669977789366,0.5941615008829711,-0.07348798154677572,0.5335534695269366,-0.08900124063953907,-0.06287773090237181,0.051330950246378126
