	GBR	LSTM
Training RMSE	20.043914289076643	16.558002933016212
Training MAE	15.204317606001416	11.52932032188647
Training R2	-1.0645197969582108	0.4048721036488302
Testing RMSE	14.23889717863997	14.20886028622536
Testing MAE	9.024969401845668	9.662562954626164
Testing R2	-1.1631722026843803	-1.1476635052243505
