	GBR	LSTM
Training RMSE	4.464152442797496	4.484054821247739
Training MAE	3.056883562852248	2.6889583005065143
Training R2	0.3274348804102889	0.2990855610609917
Testing RMSE	6.0905913150578375	6.239266418168618
Testing MAE	3.9216618846352094	3.8581953564148934
Testing R2	0.09357970797199022	0.04824973189930293
